sale_id,sale_date,customer,product,sales_amount,customer_row_num
13,2026-03-04 00:00:00,Alice,Laptop,2400,1
25,2026-05-03 00:00:00,Alice,Monitor,1760,2
1,2026-01-05 00:00:00,Alice,Laptop,1600,3
31,2026-06-04 00:00:00,Alice,Laptop,1600,4
19,2026-04-02 00:00:00,Alice,Desk,1200,5
7,2026-02-03 00:00:00,Alice,Monitor,880,6
20,2026-04-07 00:00:00,Bob,Laptop,1600,1
14,2026-03-09 00:00:00,Bob,Monitor,1100,2
8,2026-02-07 00:00:00,Bob,Desk,900,3
32,2026-06-09 00:00:00,Bob,Keyboard,700,4
2,2026-01-08 00:00:00,Bob,Monitor,660,5
26,2026-05-08 00:00:00,Bob,Desk,600,6
27,2026-05-13 00:00:00,Charlie,Laptop,800,1
9,2026-02-11 00:00:00,Charlie,Chair,720,2
33,2026-06-14 00:00:00,Charlie,Chair,630,3
15,2026-03-14 00:00:00,Charlie,Desk,600,4
21,2026-04-12 00:00:00,Charlie,Keyboard,525,5
3,2026-01-12 00:00:00,Charlie,Chair,450,6
10,2026-02-16 00:00:00,Diana,Laptop,1600,1
22,2026-04-17 00:00:00,Diana,Monitor,1540,2
28,2026-05-18 00:00:00,Diana,Chair,1080,3
16,2026-03-18 00:00:00,Diana,Chair,900,4
34,2026-06-19 00:00:00,Diana,Desk,900,5
4,2026-01-18 00:00:00,Diana,Keyboard,350,6
35,2026-06-24 00:00:00,Ethan,Laptop,1600,1
29,2026-05-23 00:00:00,Ethan,Monitor,880,2
17,2026-03-23 00:00:00,Ethan,Laptop,800,3
5,2026-01-22 00:00:00,Ethan,Desk,600,4
23,2026-04-22 00:00:00,Ethan,Chair,540,5
11,2026-02-21 00:00:00,Ethan,Desk,300,6
24,2026-04-27 00:00:00,Fiona,Laptop,1600,1
18,2026-03-28 00:00:00,Fiona,Monitor,1320,2
36,2026-06-29 00:00:00,Fiona,Monitor,1100,3
30,2026-05-28 00:00:00,Fiona,Desk,900,4
6,2026-01-27 00:00:00,Fiona,Laptop,800,5
12,2026-02-26 00:00:00,Fiona,Keyboard,420,6
