sale_id,customer,product,sales_amount,sales_rank
13,Alice,Laptop,2400,1
25,Alice,Monitor,1760,2
1,Alice,Laptop,1600,3
10,Diana,Laptop,1600,3
20,Bob,Laptop,1600,3
24,Fiona,Laptop,1600,3
31,Alice,Laptop,1600,3
35,Ethan,Laptop,1600,3
22,Diana,Monitor,1540,9
18,Fiona,Monitor,1320,10
19,Alice,Desk,1200,11
14,Bob,Monitor,1100,12
36,Fiona,Monitor,1100,12
28,Diana,Chair,1080,14
8,Bob,Desk,900,15
16,Diana,Chair,900,15
30,Fiona,Desk,900,15
34,Diana,Desk,900,15
7,Alice,Monitor,880,19
29,Ethan,Monitor,880,19
6,Fiona,Laptop,800,21
17,Ethan,Laptop,800,21
27,Charlie,Laptop,800,21
9,Charlie,Chair,720,24
32,Bob,Keyboard,700,25
2,Bob,Monitor,660,26
33,Charlie,Chair,630,27
5,Ethan,Desk,600,28
15,Charlie,Desk,600,28
26,Bob,Desk,600,28
23,Ethan,Chair,540,31
21,Charlie,Keyboard,525,32
3,Charlie,Chair,450,33
12,Fiona,Keyboard,420,34
4,Diana,Keyboard,350,35
11,Ethan,Desk,300,36
