sale_id,customer,product,sales_amount,dense_sales_rank
13,Alice,Laptop,2400,1
25,Alice,Monitor,1760,2
1,Alice,Laptop,1600,3
10,Diana,Laptop,1600,3
20,Bob,Laptop,1600,3
24,Fiona,Laptop,1600,3
31,Alice,Laptop,1600,3
35,Ethan,Laptop,1600,3
22,Diana,Monitor,1540,4
18,Fiona,Monitor,1320,5
19,Alice,Desk,1200,6
14,Bob,Monitor,1100,7
36,Fiona,Monitor,1100,7
28,Diana,Chair,1080,8
8,Bob,Desk,900,9
16,Diana,Chair,900,9
30,Fiona,Desk,900,9
34,Diana,Desk,900,9
7,Alice,Monitor,880,10
29,Ethan,Monitor,880,10
6,Fiona,Laptop,800,11
17,Ethan,Laptop,800,11
27,Charlie,Laptop,800,11
9,Charlie,Chair,720,12
32,Bob,Keyboard,700,13
2,Bob,Monitor,660,14
33,Charlie,Chair,630,15
5,Ethan,Desk,600,16
15,Charlie,Desk,600,16
26,Bob,Desk,600,16
23,Ethan,Chair,540,17
21,Charlie,Keyboard,525,18
3,Charlie,Chair,450,19
12,Fiona,Keyboard,420,20
4,Diana,Keyboard,350,21
11,Ethan,Desk,300,22
