sale_id,category,customer,product,sales_amount,category_rank
13,Electronics,Alice,Laptop,2400,1
25,Electronics,Alice,Monitor,1760,2
1,Electronics,Alice,Laptop,1600,3
10,Electronics,Diana,Laptop,1600,3
20,Electronics,Bob,Laptop,1600,3
24,Electronics,Fiona,Laptop,1600,3
31,Electronics,Alice,Laptop,1600,3
35,Electronics,Ethan,Laptop,1600,3
22,Electronics,Diana,Monitor,1540,9
18,Electronics,Fiona,Monitor,1320,10
14,Electronics,Bob,Monitor,1100,11
36,Electronics,Fiona,Monitor,1100,11
7,Electronics,Alice,Monitor,880,13
29,Electronics,Ethan,Monitor,880,13
6,Electronics,Fiona,Laptop,800,15
17,Electronics,Ethan,Laptop,800,15
27,Electronics,Charlie,Laptop,800,15
32,Electronics,Bob,Keyboard,700,18
2,Electronics,Bob,Monitor,660,19
21,Electronics,Charlie,Keyboard,525,20
12,Electronics,Fiona,Keyboard,420,21
4,Electronics,Diana,Keyboard,350,22
19,Office,Alice,Desk,1200,1
28,Office,Diana,Chair,1080,2
8,Office,Bob,Desk,900,3
16,Office,Diana,Chair,900,3
30,Office,Fiona,Desk,900,3
34,Office,Diana,Desk,900,3
9,Office,Charlie,Chair,720,7
33,Office,Charlie,Chair,630,8
5,Office,Ethan,Desk,600,9
15,Office,Charlie,Desk,600,9
26,Office,Bob,Desk,600,9
23,Office,Ethan,Chair,540,12
3,Office,Charlie,Chair,450,13
11,Office,Ethan,Desk,300,14
