sale_id,customer,product,sales_amount,customer_dense_rank
13,Alice,Laptop,2400,1
25,Alice,Monitor,1760,2
1,Alice,Laptop,1600,3
31,Alice,Laptop,1600,3
19,Alice,Desk,1200,4
7,Alice,Monitor,880,5
20,Bob,Laptop,1600,1
14,Bob,Monitor,1100,2
8,Bob,Desk,900,3
32,Bob,Keyboard,700,4
2,Bob,Monitor,660,5
26,Bob,Desk,600,6
27,Charlie,Laptop,800,1
9,Charlie,Chair,720,2
33,Charlie,Chair,630,3
15,Charlie,Desk,600,4
21,Charlie,Keyboard,525,5
3,Charlie,Chair,450,6
10,Diana,Laptop,1600,1
22,Diana,Monitor,1540,2
28,Diana,Chair,1080,3
16,Diana,Chair,900,4
34,Diana,Desk,900,4
4,Diana,Keyboard,350,5
35,Ethan,Laptop,1600,1
29,Ethan,Monitor,880,2
17,Ethan,Laptop,800,3
5,Ethan,Desk,600,4
23,Ethan,Chair,540,5
11,Ethan,Desk,300,6
24,Fiona,Laptop,1600,1
18,Fiona,Monitor,1320,2
36,Fiona,Monitor,1100,3
30,Fiona,Desk,900,4
6,Fiona,Laptop,800,5
12,Fiona,Keyboard,420,6
