sale_id,sale_date,customer,sales_amount,previous_overall_sale
1,2026-01-05 00:00:00,Alice,1600,
2,2026-01-08 00:00:00,Bob,660,1600.0
3,2026-01-12 00:00:00,Charlie,450,660.0
4,2026-01-18 00:00:00,Diana,350,450.0
5,2026-01-22 00:00:00,Ethan,600,350.0
6,2026-01-27 00:00:00,Fiona,800,600.0
7,2026-02-03 00:00:00,Alice,880,800.0
8,2026-02-07 00:00:00,Bob,900,880.0
9,2026-02-11 00:00:00,Charlie,720,900.0
10,2026-02-16 00:00:00,Diana,1600,720.0
11,2026-02-21 00:00:00,Ethan,300,1600.0
12,2026-02-26 00:00:00,Fiona,420,300.0
13,2026-03-04 00:00:00,Alice,2400,420.0
14,2026-03-09 00:00:00,Bob,1100,2400.0
15,2026-03-14 00:00:00,Charlie,600,1100.0
16,2026-03-18 00:00:00,Diana,900,600.0
17,2026-03-23 00:00:00,Ethan,800,900.0
18,2026-03-28 00:00:00,Fiona,1320,800.0
19,2026-04-02 00:00:00,Alice,1200,1320.0
20,2026-04-07 00:00:00,Bob,1600,1200.0
21,2026-04-12 00:00:00,Charlie,525,1600.0
22,2026-04-17 00:00:00,Diana,1540,525.0
23,2026-04-22 00:00:00,Ethan,540,1540.0
24,2026-04-27 00:00:00,Fiona,1600,540.0
25,2026-05-03 00:00:00,Alice,1760,1600.0
26,2026-05-08 00:00:00,Bob,600,1760.0
27,2026-05-13 00:00:00,Charlie,800,600.0
28,2026-05-18 00:00:00,Diana,1080,800.0
29,2026-05-23 00:00:00,Ethan,880,1080.0
30,2026-05-28 00:00:00,Fiona,900,880.0
31,2026-06-04 00:00:00,Alice,1600,900.0
32,2026-06-09 00:00:00,Bob,700,1600.0
33,2026-06-14 00:00:00,Charlie,630,700.0
34,2026-06-19 00:00:00,Diana,900,630.0
35,2026-06-24 00:00:00,Ethan,1600,900.0
36,2026-06-29 00:00:00,Fiona,1100,1600.0
