sale_id,sale_date,customer,product,sales_amount,rn
13,2026-03-04 00:00:00,Alice,Laptop,2400,1
25,2026-05-03 00:00:00,Alice,Monitor,1760,2
20,2026-04-07 00:00:00,Bob,Laptop,1600,1
14,2026-03-09 00:00:00,Bob,Monitor,1100,2
27,2026-05-13 00:00:00,Charlie,Laptop,800,1
9,2026-02-11 00:00:00,Charlie,Chair,720,2
10,2026-02-16 00:00:00,Diana,Laptop,1600,1
22,2026-04-17 00:00:00,Diana,Monitor,1540,2
35,2026-06-24 00:00:00,Ethan,Laptop,1600,1
29,2026-05-23 00:00:00,Ethan,Monitor,880,2
24,2026-04-27 00:00:00,Fiona,Laptop,1600,1
18,2026-03-28 00:00:00,Fiona,Monitor,1320,2
