sale_id,sale_date,customer,category,product,quantity,unit_price,sales_amount
1,2026-01-05,Alice,Electronics,Laptop,2,800,1600
2,2026-01-08,Bob,Electronics,Monitor,3,220,660
3,2026-01-12,Charlie,Office,Chair,5,90,450
4,2026-01-18,Diana,Electronics,Keyboard,10,35,350
5,2026-01-22,Ethan,Office,Desk,2,300,600
6,2026-01-27,Fiona,Electronics,Laptop,1,800,800
7,2026-02-03,Alice,Electronics,Monitor,4,220,880
8,2026-02-07,Bob,Office,Desk,3,300,900
9,2026-02-11,Charlie,Office,Chair,8,90,720
10,2026-02-16,Diana,Electronics,Laptop,2,800,1600
11,2026-02-21,Ethan,Office,Desk,1,300,300
12,2026-02-26,Fiona,Electronics,Keyboard,12,35,420
13,2026-03-04,Alice,Electronics,Laptop,3,800,2400
14,2026-03-09,Bob,Electronics,Monitor,5,220,1100
15,2026-03-14,Charlie,Office,Desk,2,300,600
16,2026-03-18,Diana,Office,Chair,10,90,900
17,2026-03-23,Ethan,Electronics,Laptop,1,800,800
18,2026-03-28,Fiona,Electronics,Monitor,6,220,1320
19,2026-04-02,Alice,Office,Desk,4,300,1200
20,2026-04-07,Bob,Electronics,Laptop,2,800,1600
21,2026-04-12,Charlie,Electronics,Keyboard,15,35,525
22,2026-04-17,Diana,Electronics,Monitor,7,220,1540
23,2026-04-22,Ethan,Office,Chair,6,90,540
24,2026-04-27,Fiona,Electronics,Laptop,2,800,1600
25,2026-05-03,Alice,Electronics,Monitor,8,220,1760
26,2026-05-08,Bob,Office,Desk,2,300,600
27,2026-05-13,Charlie,Electronics,Laptop,1,800,800
28,2026-05-18,Diana,Office,Chair,12,90,1080
29,2026-05-23,Ethan,Electronics,Monitor,4,220,880
30,2026-05-28,Fiona,Office,Desk,3,300,900
31,2026-06-04,Alice,Electronics,Laptop,2,800,1600
32,2026-06-09,Bob,Electronics,Keyboard,20,35,700
33,2026-06-14,Charlie,Office,Chair,7,90,630
34,2026-06-19,Diana,Office,Desk,3,300,900
35,2026-06-24,Ethan,Electronics,Laptop,2,800,1600
36,2026-06-29,Fiona,Electronics,Monitor,5,220,1100
